{"advancement": 7.02108396428914, "dream": 5.180007876549407, "impressively": 8.119100837637486, "attained": 8.812099108957337, "stabilizes": 8.812099108957337, "smooths": 8.119100837637486, "win": 3.4288125486951286, "greatest": 5.057134167858612, "enjoyably": 8.812099108957337, "leading": 3.1810561915996147, "prestige": 7.713784616598755, "enjoyed": 5.0805166596443225, "rise": 2.4530218322327553, "greatly": 5.724179102563847, "strengths": 7.02108396428914, "enable": 4.441768514046648, "delightfully": 8.812099108957337, "honor": 6.106131622086108, "successful": 3.863357833446865, "invent": 7.203256700486049, "attractive": 3.6187759274677838, "excitement": 5.057134167858612, "rising": 2.117907822507632, "easier": 3.9788051016179327, "diligently": 8.812099108957337, "excels": 7.713784616598755, "upturn": 7.713784616598755, "prosperous": 7.713784616598755, "accomplish": 6.041741700398992, "exclusively": 6.248935200564069, "accomplishing": 7.713784616598755, "empower": 7.02108396428914, "enhancements": 7.02108396428914, "loyal": 6.415691931671669, "opportunities": 3.8234103470715426, "delight": 6.867082082914653, "exclusivity": 6.867082082914653, "satisfactorily": 8.812099108957337, "innovator": 5.981265655954497, "pleasure": 7.203256700486049, "rewarded": 6.106131622086108, "acclaimed": 8.812099108957337, "innovation": 3.382665133533228, "proficient": 8.119100837637486, "complimenting": 8.812099108957337, "excellence": 5.724179102563847, "exceptional": 5.981265655954497, "stabilized": 6.510853401534461, "improvement": 4.22156441223282, "regained": 7.203256700486049, "exclusive": 5.67987578503151, "encourages": 6.328829242512215, "innovated": 7.426251409052347, "proactive": 6.867082082914653, "stability": 5.206528008397646, "enhancement": 7.02108396428914, "innovates": 8.119100837637486, "highest": 2.8391205342295023, "achieved": 4.726502471155617, "succeeded": 5.87033710937884, "compliments": 8.119100837637486, "efficiency": 4.231467980639078, "honors": 7.426251409052347, "effective": 4.22156441223282, "successfully": 4.990136772547915, "pleasant": 6.867082082914653, "success": 3.468336684499784, "preeminence": 8.812099108957337, "courteous": 8.812099108957337, "strengthen": 5.129010746831577, "delighted": 6.328829242512215, "boom": 4.794904675171171, "enabling": 5.104466183689992, "regaining": 6.867082082914653, "outperformed": 4.617187243292876, "popularity": 5.350969112821869, "bolstered": 6.248935200564069, "unparalleled": 6.867082082914653, "prospered": 7.426251409052347, "outperform": 3.6135300168721494, "surpass": 6.248935200564069, "favored": 5.38256956415671, "collaborations": 8.119100837637486, "empowers": 8.812099108957337, "impressive": 3.6454498961866, "complimentary": 8.812099108957337, "assures": 8.812099108957337, "regain": 6.415691931671669, "satisfaction": 6.041741700398992, "premier": 5.637464593618552, "accomplishment": 6.510853401534461, "versatile": 8.812099108957337, "smooth": 5.448964378748108, "attainments": 8.812099108957337, "encouragement": 7.713784616598755, "enjoys": 7.203256700486049, "prospering": 8.119100837637486, "gains": 2.154187789093694, "surpassing": 5.770550651121042, "incredibly": 4.743161955309184, "inventive": 8.812099108957337, "impressed": 4.662554268807325, "improving": 3.712700606954167, "positive": 2.5052182289007137, "innovating": 7.203256700486049, "strengthens": 6.7336994666052155, "collaborates": 8.812099108957337, "resolve": 5.770550651121042, "improve": 3.4773504352204196, "distinctively": 8.812099108957337, "meritorious": 8.812099108957337, "vibrant": 8.812099108957337, "boost": 2.866635477997334, "succeed": 5.104466183689992, "perfects": 8.812099108957337, "positively": 4.8127754592761365, "collaborators": 7.713784616598755, "despite": 2.5006159434931803, "best": 2.469081608643603, "advancing": 5.52012669484911, "enhanced": 5.52012669484911, "exclusiveness": 8.812099108957337, "friendly": 4.96877848538062, "gaining": 4.1099952581715575, "rebounded": 4.830976854721785, "innovations": 5.104466183689992, "perfected": 8.119100837637486, "versatility": 7.713784616598755, "surpasses": 7.203256700486049, "compliment": 7.713784616598755, "gain": 2.4646712365458, "delightful": 8.119100837637486, "conducive": 7.713784616598755, "abundant": 6.867082082914653, "attain": 7.713784616598755, "adequately": 6.867082082914653, "exemplary": 8.119100837637486, "breakthrough": 5.67987578503151, "fantastic": 6.041741700398992, "happiness": 8.119100837637486, "happy": 4.16417565672544, "tremendous": 5.180007876549407, "breakthroughs": 7.02108396428914, "strength": 3.712700606954167, "enhance": 6.041741700398992, "advancements": 6.174975872037526, "pleasantly": 8.119100837637486, "satisfied": 6.328829242512215, "happily": 6.7336994666052155, "able": 3.099182448321881, "delights": 8.812099108957337, "attractiveness": 6.867082082914653, "worthy": 5.924255797414532, "lucrative": 5.206528008397646, "good": 1.9795903981430643, "desired": 5.924255797414532, "progressed": 6.867082082914653, "innovators": 6.510853401534461, "surpassed": 5.261801563253993, "outperforms": 8.119100837637486, "satisfy": 6.041741700398992, "valuable": 2.8436477308869303, "tremendously": 7.203256700486049, "conclusively": 8.812099108957337, "inventiveness": 8.812099108957337, "winner": 4.251583252737936, "stabilizations": 8.812099108957337, "opportunity": 3.1267035737548032, "excellent": 5.206528008397646, "progressing": 7.203256700486049, "collaborating": 6.867082082914653, "advances": 5.180007876549407, "creativeness": 8.812099108957337, "charitable": 6.415691931671669, "strengthening": 6.7336994666052155, "rewards": 5.770550651121042, "great": 3.0522147833465785, "improved": 4.084001400597839, "encouraged": 4.887691907880563, "improvements": 4.662554268807325, "favorites": 5.67987578503151, "impress": 6.616065185132817, "better": 1.926254734877835, "perfectly": 6.041741700398992, "accomplishments": 6.867082082914653, "constructively": 8.119100837637486, "satisfying": 6.867082082914653, "diligent": 7.426251409052347, "impresses": 7.713784616598755, "stronger": 3.9412167508993092, "honoring": 7.713784616598755, "benefiting": 4.990136772547915, "distinctions": 7.713784616598755, "strong": 2.320884485368331, "greater": 3.608312990766015, "proficiently": 8.812099108957337, "unsurpassed": 7.426251409052347, "achieves": 6.328829242512215, "perfect": 4.743161955309184, "exceptionally": 6.867082082914653, "incredible": 3.8498560990115944, "strongest": 4.96877848538062, "gained": 2.3717709029342293, "honorable": 8.119100837637486, "ideal": 5.55771866588487, "greatness": 7.713784616598755, "delighting": 7.426251409052347, "stabilization": 7.203256700486049, "accomplished": 6.248935200564069, "superior": 5.52012669484911, "collaborative": 7.02108396428914, "enables": 5.38256956415671, "transparency": 5.320345679160945, "beneficial": 6.174975872037526, "unmatched": 6.7336994666052155, "enabled": 5.057134167858612, "inventions": 8.812099108957337, "prestigious": 7.713784616598755, "innovative": 4.743161955309184, "advantaged": 7.713784616598755, "successes": 6.328829242512215, "advantages": 4.868421630759227, "inspirational": 8.812099108957337, "sustainable": 3.7302830976254335, "inventors": 7.713784616598755, "benefited": 5.233778845410465, "revolutionizes": 8.119100837637486, "attaining": 8.119100837637486, "improves": 5.233778845410465, "empowering": 8.812099108957337, "impressing": 8.119100837637486, "enjoyable": 7.02108396428914, "creatively": 8.812099108957337, "desirable": 6.248935200564069, "collaborate": 6.867082082914653, "benefitting": 7.713784616598755, "exclusives": 8.812099108957337, "assure": 6.7336994666052155, "enjoy": 5.67987578503151, "favorite": 4.602519617509477, "excited": 4.41737023552757, "progresses": 7.426251409052347, "proficiency": 8.812099108957337, "distinctive": 7.713784616598755, "integrity": 6.616065185132817, "optimistic": 3.877052402676355, "satisfies": 8.119100837637486, "prosperity": 6.248935200564069,